id,declarant1.nom,declarant1.nomNaissance,declarant1.prenoms,declarant1.dob,declarant2.nom,declarant2.nomNaissance,declarant2.prenoms,declarant2.dob,adress.ligne1,adress.ligne2,anneeImpots,anneeRevenus,dateRecouvrement,dateEtablissement,nombreParts,situationFamiliale,nombreDePersonneACharge,revenuBrutGlobal,revenuImposable,impotsNetAvantCorrections,impots,revenuFiscalReference,situationPartielle,erreurCorrectif
1909599999010+1909599999010,LAURENT,LAURENT,Éric,16/02/1949,,,,,10 Cours du Puits,95690 Labbeville,2019,2018,10/10/2019,08/07/2019,1,Célibataire,1,18 876 €,18 876 €,Non imposable,Non imposable,18 876 €,,
1909599999011+1909599999011,SIMON,SIMON,Frédéric,16/02/1949,SIMON,MERCIER,Amina,19/09/1954,14 Avenue du Dr Charles Fritz,95290 L'Isle-Adam,2019,2018,10/10/2019,08/07/2019,2,Marié(e)s,2,25 258 €,25 258 €,0 €,0 €,25 258 €,,
1909599999012+1909599999012,MICHEL,MICHEL,Laurent,13/08/1967,MICHEL,BLANC,Isabelle,13/08/1967,27 rue des Ecoles,95610 Eragny,2019,2018,10/10/2019,08/07/2019,2,Marié(e)s,2,20 000 €,20 000 €,0 €,0 €,20 000 €,,
1909599999021+1909599999021,DURAND,DURAND,Christian,13/08/1967,,,,,1 Rue des Frères Rousse,95780 La Roche-Guyon,2019,2018,10/10/2019,08/07/2019,1,Célibataire,1,33 775 €,33 775 €,731 €,731 €,33 775 €,,
1909599999022+1909599999022,DUPOND,DUPOND,Marc,13/08/1967,,,,,1 Rue des Frères Rousse,95780 La Roche-Guyon,2019,2018,10/10/2019,08/07/2019,1,Célibataire,1,33 775 €,33 775 €,731 €,731 €,33 775 €,,
1909599999023+1909599999023,DUPONT,DUPONT,Philippe,13/08/1967,,,,,1 Rue des Frères Rousse,95780 La Roche-Guyon,2019,2018,10/10/2019,08/07/2019,1,Célibataire,1,33 775 €,33 775 €,731 €,731 €,33 775 €,,
1906299999001+1906299999001,MARTIN,MARTIN,Jean-étienne,13/08/1967,MARTIN,BONNET,Sylvie,01/08/1947,4 Rue Camille Pissarro,62000 Arras,2019,2018,10/10/2019,08/07/2019,2,Marié(e)s,2,26 922 €,26 922 €,2 165 €,2 165 €,26 922 €,(*) Situation  2018  partielle,
1906299999002+1906299999002,BERNARD,BERNARD,Philippe,22/03/1985,BERNARD,DUPONT,Nathalie,01/12/1973,18 Rue du Général Potez,62170 Montreuil,2019,2018,10/10/2019,08/07/2019,2,Marié(e)s,2,18 410 €,18 410 €,2 165 €,2 165 €,18 410 €,,Ce document ne correspond pas à la situation la plus récente pour cet usager
1906299999003+1906299999003,THOMAS,THOMAS,Michel,19/09/1954,,,,,4 Rue Camille Pissarro,62000 Arras,2019,2018,10/10/2019,08/07/2019,1,Célibataire,1,18 409 €,18 409 €,2 165 €,2 165 €,18 409 €,(*) Situation  2018  partielle,Ce document ne correspond pas à la situation la plus récente pour cet usager
1906299999004+1906299999004,PETIT,PETIT,Alain,13/08/1967,PETIT,FONTAINE,Rosette,24/11/1967,18 Rue du Général Potez,62170 Montreuil,2019,2018,10/10/2019,08/07/2019,2,Marié(e)s,2,21 000 €,21 000 €,2 165 €,2 165 €,21 000 €,,
1906299999005+1906299999005,ROBERT,ROBERT,Patrick,16/02/1949,,,,,4 Rue Camille Pissarro,62000 Arras,2019,2018,10/10/2019,08/07/2019,1,Célibataire,1,16 550 €,16 550 €,0 €,0 €,16 550 €,,
1906299999006+1906299999006,RICHARD,RICHARD,Nicolas,13/08/1967,RICHARD,VINCENT,Françoise,13/08/1967,18 Rue du Général Potez,62170 Montreuil,2019,2018,10/10/2019,08/07/2019,4,Marié(e)s,4,48 751 €,48 751 €,1 432 €,1 432 €,48 751 €,,
1906299999007+1906299999007,DURAND,DURAND,Christophe,22/03/1985,,,,,4 Rue Camille Pissarro,62000 Arras,2019,2018,10/10/2019,08/07/2019,2,Célibataire,2,43 296 €,43 296 €,1 432 €,1 432 €,43 296 €,,
1906299999008+1906299999008,DUBOIS,DUBOIS,Pierre,19/09/1954,DUBOIS,LEFEVRE,Alain,16/02/1949,18 Rue du Général Potez,62170 Montreuil,2019,2018,10/10/2019,08/07/2019,5,Marié(e)s,5,38 031 €,38 031 €,1 132 €,1 132 €,38 031 €,,
1906299999009+1906299999009,MOREAU,MOREAU,Christian,13/08/1967,,,,,4 Rue Camille Pissarro,62000 Arras,2019,2018,10/10/2019,08/07/2019,1,Célibataire,1,33 775 €,33 775 €,731 €,731 €,33 775 €,,
1906299999010+1906299999010,LAURENT,LAURENT,Éric,16/02/1949,,,,,18 Rue du Général Potez,62170 Montreuil,2019,2018,10/10/2019,08/07/2019,1,Célibataire,1,18 876 €,18 876 €,Non imposable,Non imposable,18 876 €,,
1903199999011+1903199999011,SIMON,SIMON,Frédéric,16/02/1949,SIMON,MERCIER,Amina,19/09/1954,15 Rue d’Auriol,31400 Toulouse,2019,2018,10/10/2019,08/07/2019,2,Marié(e)s,2,25 258 €,25 258 €,0 €,0 €,25 258 €,,
1903199999012+1903199999012,MICHEL,MICHEL,Laurent,13/08/1967,MICHEL,BLANC,Isabelle,13/08/1967,16 Rue de l'Europe,31140 Aucamville,2019,2018,10/10/2019,08/07/2019,2,Marié(e)s,2,20 000 €,20 000 €,0 €,0 €,20 000 €,,
1903199999013+1903199999013,LEFEBVRE,LEFEBVRE,Stéphane,22/03/1985,,,,,15 Rue d’Auriol,31400 Toulouse,2019,2018,10/10/2019,08/07/2019,3,Célibataire,3,4 394 €,4 394 €,0 €,0 €,4 394 €,,
1903199999014+1903199999014,LEROY,LEROY,David,19/09/1954,LEROY,BOYER,Catherine,13/08/1967,16 Rue de l'Europe,31140 Aucamville,2019,2018,10/10/2019,08/07/2019,2,Marié(e)s,2,29 505 €,29 505 €,2 165 €,2 165 €,29 505 €,,
1903199999015+1903199999015,ROUX,ROUX,Pascal,13/08/1967,,,,,15 Rue d’Auriol,31400 Toulouse,2019,2018,10/10/2019,08/07/2019,3,Célibataire,3,25 256 €,25 256 €,2 165 €,2 165 €,25 256 €,,
1903199999016+1903199999016,DAVID,DAVID,Daniel,16/02/1949,DAVID,CHEVALIER,Rose,19/09/1954,16 Rue de l'Europe,31140 Aucamville,2019,2018,10/10/2019,08/07/2019,2,Marié(e)s,2,29 880 €,29 880 €,2 165 €,2 165 €,29 880 €,,
1903199999017+1903199999017,BERTRAND,BERTRAND,Alexandre,13/08/1967,,,,,15 Rue d’Auriol,31400 Toulouse,2019,2018,10/10/2019,08/07/2019,1,Célibataire,1,29 880 €,29 880 €,2 165 €,2 165 €,29 880 €,,
1903199999018+1903199999018,MOREL,MOREL,Julien,22/03/1985,MOREL,LEGRAND,Florence,01/08/1947,16 Rue de l'Europe,31140 Aucamville,2019,2018,10/10/2019,08/07/2019,2,Marié(e)s,2,37 825 €,37 825 €,2 665 €,2 665 €,37 825 €,,
1903199999019+1903199999019,FOURNIER,FOURNIER,Thierry,19/09/1954,,,,,15 Rue d’Auriol,31400 Toulouse,2019,2018,10/10/2019,08/07/2019,1,Célibataire,1,32 376 €,32 376 €,2 165 €,2 165 €,32 376 €,,
1903199999020+1903199999020,GIRARD,GIRARD,Olivier,13/08/1967,,,,,16 Rue de l'Europe,31140 Aucamville,2019,2018,10/10/2019,08/07/2019,1,Célibataire,1,48 751 €,48 751 €,1 123 €,1 123 €,48 751 €,,
1902599999001+1902599999001,MARTIN,MARTIN,Jean-étienne,13/08/1967,MARTIN,BONNET,Sylvie,01/08/1947,3 Rue Jean Jaurès,25500 Morteau,2019,2018,10/10/2019,08/07/2019,2,Marié(e)s,2,26 922 €,26 922 €,2 165 €,2 165 €,26 922 €,"(*) Situation  2018  partielle",
1902599999002+1902599999002,BERNARD,BERNARD,Philippe,22/03/1985,BERNARD,DUPONT,Nathalie,01/12/1973,1 Rue des Marronniers,25500 Morteau,2019,2018,10/10/2019,08/07/2019,2,Marié(e)s,2,18 410 €,18 410 €,2 165 €,2 165 €,18 410 €,,"Ce document ne correspond pas à la situation la plus récente pour cet usager"
1902599999003+1902599999003,THOMAS,THOMAS,Michel,19/09/1954,,,,,1 Rossignier Haut,25570 Grand'Combe-Châteleu,2019,2018,10/10/2019,08/07/2019,1,Célibataire,1,18 409 €,18 409 €,2 165 €,2 165 €,18 409 €,"(*) Situation  2018  partielle","Ce document ne correspond pas à la situation la plus récente pour cet usager"
1902599999004+1902599999004,PETIT,PETIT,Alain,13/08/1967,PETIT,FONTAINE,Rosette,24/11/1967,5 rue du Tacot,25660 Montrond-le-Château,2019,2018,10/10/2019,08/07/2019,2,Marié(e)s,2,21 000 €,21 000 €,2 165 €,2 165 €,21 000 €,,
1902599999005+1902599999005,ROBERT,ROBERT,Patrick,16/02/1949,,,,,3 Rue Jean Jaurès,25500 Morteau,2019,2018,13/07/2019,13/07/2019,1,Célibataire,1,16 550 €,16 550 €,0 €,0 €,16 550 €,,
1902599999006+1902599999006,RICHARD,RICHARD,Nicolas,13/08/1967,RICHARD,VINCENT,Françoise,13/08/1967,1 Rue des Marronniers,25500 Morteau,2019,2018,10/10/2019,08/07/2019,4,Marié(e)s,4,48 751 €,48 751 €,1 432 €,1 432 €,48 751 €,,
1902599999007+1902599999007,DURAND,DURAND,Christophe,22/03/1985,,,,,1 Rossignier Haut,25570 Grand'Combe-Châteleu,2019,2018,10/10/2019,08/07/2019,2,Célibataire,2,43 296 €,43 296 €,1 432 €,1 432 €,43 296 €,,
1902599999008+1902599999008,DUBOIS,DUBOIS,Pierre,19/09/1954,DUBOIS,LEFEVRE,Alain,16/02/1949,5 rue du Tacot,25660 Montrond-le-Château,2019,2018,10/10/2019,08/07/2019,5,Marié(e)s,5,38 031 €,38 031 €,1 132 €,1 132 €,38 031 €,,
1902599999009+1902599999009,MOREAU,MOREAU,Christian,13/08/1967,,,,,3 Rue Jean Jaurès,25500 Morteau,2019,2018,10/10/2019,08/07/2019,1,Célibataire,1,33 775 €,33 775 €,731 €,731 €,33 775 €,,
1902599999010+1902599999010,LAURENT,LAURENT,Éric,16/02/1949,,,,,1 Rue des Marronniers,25500 Morteau,2019,2018,13/07/2019,13/07/2019,1,Célibataire,1,18 876 €,18 876 €,0 €,0 €,18 876 €,,
1902599999011+1902599999011,SIMON,SIMON,Frédéric,16/02/1949,SIMON,MERCIER,Amina,19/09/1954,1 Rossignier Haut,25570 Grand'Combe-Châteleu,2019,2018,10/10/2019,08/07/2019,2,Marié(e)s,2,25 258 €,25 258 €,0 €,0 €,25 258 €,,
1902599999012+1902599999012,MICHEL,MICHEL,Laurent,13/08/1967,MICHEL,BLANC,Isabelle,13/08/1967,5 rue du Tacot,25660 Montrond-le-Château,2019,2018,10/10/2019,08/07/2019,2,Marié(e)s,2,20 000 €,20 000 €,0 €,0 €,20 000 €,,
1902599999013+1902599999013,LEFEBVRE,LEFEBVRE,Stéphane,22/03/1985,,,,,3 Rue Jean Jaurès,25500 Morteau,2019,2018,10/10/2019,08/07/2019,3,Célibataire,3,4 394 €,4 394 €,0 €,0 €,4 394 €,,
1902599999014+1902599999014,LEROY,LEROY,David,19/09/1954,LEROY,BOYER,Catherine,13/08/1967,1 Rue des Marronniers,25500 Morteau,2019,2018,10/10/2019,08/07/2019,2,Marié(e)s,2,29 505 €,29 505 €,2 165 €,2 165 €,29 505 €,,
1902599999015+1902599999015,ROUX,ROUX,Pascal,13/08/1967,,,,,1 Rossignier Haut,25570 Grand'Combe-Châteleu,2019,2018,13/07/2019,13/07/2019,3,Célibataire,3,25 256 €,25 256 €,2 165 €,2 165 €,25 256 €,,
1902599999016+1902599999016,DAVID,DAVID,Daniel,16/02/1949,DAVID,CHEVALIER,Rose,19/09/1954,5 rue du Tacot,25660 Montrond-le-Château,2019,2018,10/10/2019,08/07/2019,2,Marié(e)s,2,29 880 €,29 880 €,2 165 €,2 165 €,29 880 €,,
1902599999017+1902599999017,BERTRAND,BERTRAND,Alexandre,13/08/1967,,,,,3 Rue Jean Jaurès,25500 Morteau,2019,2018,10/10/2019,08/07/2019,1,Célibataire,1,29 880 €,29 880 €,2 165 €,2 165 €,29 880 €,,
1902599999018+1902599999018,MOREL,MOREL,Julien,22/03/1985,MOREL,LEGRAND,Florence,01/08/1947,1 Rue des Marronniers,25500 Morteau,2019,2018,10/10/2019,08/07/2019,2,Marié(e)s,2,37 825 €,37 825 €,2 665 €,2 665 €,37 825 €,,
1902599999019+1902599999019,FOURNIER,FOURNIER,Thierry,19/09/1954,,,,,1 Rossignier Haut,25570 Grand'Combe-Châteleu,2019,2018,10/10/2019,08/07/2019,1,Célibataire,1,32 376 €,32 376 €,2 165 €,2 165 €,32 376 €,,
1902599999020+1902599999020,GIRARD,GIRARD,Olivier,13/08/1967,,,,,5 rue du Tacot,25660 Montrond-le-Château,2019,2018,13/07/2019,13/07/2019,1,Célibataire,1,48 751 €,48 751 €,1 123 €,1 123 €,48 751 €,,
1908899999001+1908899999001,MARTIN,MARTIN,Jean-étienne,13/08/1967,MARTIN,BONNET,Sylvie,01/08/1947,1 Rue de la Gare,88310 Cornimont,2019,2018,10/10/2019,08/07/2019,2,Marié(e)s,2,26 922 €,26 922 €,2 165 €,2 165 €,26 922 €,"(*) Situation  2018  partielle",
1908899999002+1908899999002,BERNARD,BERNARD,Philippe,22/03/1985,BERNARD,DUPONT,Nathalie,01/12/1973,,,2019,2018,10/10/2019,08/07/2019,2,Marié(e)s,2,18 410 €,18 410 €,2 165 €,2 165 €,18 410 €,,"Ce document ne correspond pas à la situation la plus récente pour cet usager"
1908899999003+1908899999003,THOMAS,THOMAS,Michel,19/09/1954,,,,,1 Rue de la Gare,88310 Cornimont,2019,2018,10/10/2019,08/07/2019,1,Célibataire,1,18 409 €,18 409 €,2 165 €,2 165 €,18 409 €,"(*) Situation  2018  partielle","Ce document ne correspond pas à la situation la plus récente pour cet usager"
1908899999004+1908899999004,PETIT,PETIT,Alain,13/08/1967,PETIT,FONTAINE,Rosette,24/11/1967,5 Rue Charles Derise,88500 Mirecourt,2019,2018,10/10/2019,08/07/2019,2,Marié(e)s,2,21 000 €,21 000 €,2 165 €,2 165 €,21 000 €,,
1908899999005+1908899999005,ROBERT,ROBERT,Patrick,16/02/1949,,,,,1 Rue de la Gare,88310 Cornimont,2019,2018,13/07/2019,13/07/2019,1,Célibataire,1,16 550 €,16 550 €,0 €,0 €,16 550 €,,
1908899999006+1908899999006,RICHARD,RICHARD,Nicolas,13/08/1967,RICHARD,VINCENT,Françoise,13/08/1967,5 Rue Charles Derise,88500 Mirecourt,2019,2018,10/10/2019,08/07/2019,4,Marié(e)s,4,48 751 €,48 751 €,1 432 €,1 432 €,48 751 €,,
1908899999007+1908899999007,DURAND,DURAND,Christophe,22/03/1985,,,,,1 Rue de la Gare,88310 Cornimont,2019,2018,10/10/2019,08/07/2019,2,Célibataire,2,43 296 €,43 296 €,1 432 €,1 432 €,43 296 €,,
1908899999008+1908899999008,DUBOIS,DUBOIS,Pierre,19/09/1954,DUBOIS,LEFEVRE,Alain,16/02/1949,5 Rue Charles Derise,88500 Mirecourt,2019,2018,10/10/2019,08/07/2019,5,Marié(e)s,5,38 031 €,38 031 €,1 132 €,1 132 €,38 031 €,,
1908899999009+1908899999009,MOREAU,MOREAU,Christian,13/08/1967,,,,,1 Rue de la Gare,88310 Cornimont,2019,2018,10/10/2019,08/07/2019,1,Célibataire,1,33 775 €,33 775 €,731 €,731 €,33 775 €,,
1908899999010+1908899999010,LAURENT,LAURENT,Éric,16/02/1949,,,,,5 Rue Charles Derise,88500 Mirecourt,2019,2018,13/07/2019,13/07/2019,1,Célibataire,1,18 876 €,18 876 €,Non imposable,Non imposable,18 876 €,,
1908899999011+1908899999011,SIMON,SIMON,Frédéric,16/02/1949,SIMON,MERCIER,Amina,19/09/1954,1 Rue de la Gare,88310 Cornimont,2019,2018,10/10/2019,08/07/2019,2,Marié(e)s,2,25 258 €,25 258 €,0 €,0 €,25 258 €,,
1908899999012+1908899999012,MICHEL,MICHEL,Laurent,13/08/1967,MICHEL,BLANC,Isabelle,13/08/1967,,,2019,2018,10/10/2019,08/07/2019,2,Marié(e)s,2,20 000 €,20 000 €,0 €,0 €,20 000 €,,
1908899999013+1908899999013,LEFEBVRE,LEFEBVRE,Stéphane,22/03/1985,,,,,1 Rue de la Gare,88310 Cornimont,2019,2018,10/10/2019,08/07/2019,3,Célibataire,3,4 394 €,4 394 €,0 €,0 €,4 394 €,,
1908899999014+1908899999014,LEROY,LEROY,David,19/09/1954,LEROY,BOYER,Catherine,13/08/1967,5 Rue Charles Derise,88500 Mirecourt,2019,2018,10/10/2019,08/07/2019,2,Marié(e)s,2,29 505 €,29 505 €,2 165 €,2 165 €,29 505 €,,
1908899999015+1908899999015,ROUX,ROUX,Pascal,13/08/1967,,,,,1 Rue de la Gare,88310 Cornimont,2019,2018,13/07/2019,13/07/2019,3,Célibataire,3,25 256 €,25 256 €,2 165 €,2 165 €,25 256 €,,
1908899999016+1908899999016,DAVID,DAVID,Daniel,16/02/1949,DAVID,CHEVALIER,Rose,19/09/1954,5 Rue Charles Derise,88500 Mirecourt,2019,2018,10/10/2019,08/07/2019,2,Marié(e)s,2,29 880 €,29 880 €,2 165 €,2 165 €,29 880 €,,
1908899999017+1908899999017,BERTRAND,BERTRAND,Alexandre,13/08/1967,,,,,1 Rue de la Gare,88310 Cornimont,2019,2018,10/10/2019,08/07/2019,1,Célibataire,1,29 880 €,29 880 €,2 165 €,2 165 €,29 880 €,,
1908899999018+1908899999018,MOREL,MOREL,Julien,22/03/1985,MOREL,LEGRAND,Florence,01/08/1947,,,2019,2018,10/10/2019,08/07/2019,2,Marié(e)s,2,37 825 €,37 825 €,2 665 €,2 665 €,37 825 €,,
1908899999019+1908899999019,FOURNIER,FOURNIER,Thierry,19/09/1954,,,,,1 Rue de la Gare,88310 Cornimont,2019,2018,10/10/2019,08/07/2019,1,Célibataire,1,32 376 €,32 376 €,2 165 €,2 165 €,32 376 €,,
1908899999020+1908899999020,GIRARD,GIRARD,Olivier,13/08/1967,,,,,5 Rue Charles Derise,88500 Mirecourt,2019,2018,13/07/2019,13/07/2019,1,Célibataire,1,48 751 €,48 751 €,1 123 €,1 123 €,48 751 €,,
1997199999001+1997199999001,GUADELOUPE,MARTIN,Jean-étienne,13/08/1967,MARTIN,BONNET,Sylvie,01/08/1947,Route de Saint-Phy BP 54,97102 BASSE-TERRE,2019,2018,10/10/2019,08/07/2019,2,Marié(e)s,2,26 922 €,26 922 €,2 165 €,2 165 €,26 922 €,"(*) Situation  2018  partielle",
1997199999002+1997199999002,GUADELOUPE,BERNARD,Philippe,22/03/1985,BERNARD,DUPONT,Nathalie,01/12/1973,Route de Saint-Phy BP 55,97102 BASSE-TERRE,2019,2018,10/10/2019,08/07/2019,2,Marié(e)s,2,18 410 €,18 410 €,2 165 €,2 165 €,18 410 €,,"Ce document ne correspond pas à la situation la plus récente pour cet usager"
1997199999003+1997199999003,GUADELOUPE,THOMAS,Michel,19/09/1954,,,,,Route de Saint-Phy BP 56,97102 BASSE-TERRE,2019,2018,10/10/2019,08/07/2019,1,Célibataire,1,18 409 €,18 409 €,2 165 €,2 165 €,18 409 €,"(*) Situation  2018  partielle","Ce document ne correspond pas à la situation la plus récente pour cet usager"
1997199999004+1997199999004,GUADELOUPE,PETIT,Alain,13/08/1967,PETIT,FONTAINE,Rosette,24/11/1967,Route de Saint-Phy BP 57,97102 BASSE-TERRE,2019,2018,10/10/2019,08/07/2019,2,Marié(e)s,2,21 000 €,21 000 €,2 165 €,2 165 €,21 000 €,,
1997199999005+1997199999005,GUADELOUPE,ROBERT,Patrick,16/02/1949,,,,,Route de Saint-Phy BP 58,97102 BASSE-TERRE,2019,2018,13/07/2019,13/07/2019,1,Célibataire,1,16 550 €,16 550 €,0 €,0 €,16 550 €,,
1997199999006+1997199999006,GUADELOUPE,RICHARD,Nicolas,13/08/1967,RICHARD,VINCENT,Françoise,13/08/1967,Route de Saint-Phy BP 59,97102 BASSE-TERRE,2019,2018,10/10/2019,08/07/2019,4,Marié(e)s,4,48 751 €,48 751 €,1 432 €,1 432 €,48 751 €,,
1997199999007+1997199999007,GUADELOUPE,DURAND,Christophe,22/03/1985,,,,,Route de Saint-Phy BP 60,97102 BASSE-TERRE,2019,2018,10/10/2019,08/07/2019,2,Célibataire,2,43 296 €,43 296 €,1 432 €,1 432 €,43 296 €,,
1997199999008+1997199999008,GUADELOUPE,DUBOIS,Pierre,19/09/1954,DUBOIS,LEFEVRE,Alain,16/02/1949,Route de Saint-Phy BP 61,97102 BASSE-TERRE,2019,2018,10/10/2019,08/07/2019,5,Marié(e)s,5,38 031 €,38 031 €,1 132 €,1 132 €,38 031 €,,
1997199999009+1997199999009,GUADELOUPE,MOREAU,Christian,13/08/1967,,,,,Route de Saint-Phy BP 62,97102 BASSE-TERRE,2019,2018,10/10/2019,08/07/2019,1,Célibataire,1,33 775 €,33 775 €,731 €,731 €,33 775 €,,
1997199999010+1997199999010,GUADELOUPE,LAURENT,Éric,16/02/1949,,,,,Route de Saint-Phy BP 63,97102 BASSE-TERRE,2019,2018,13/07/2019,13/07/2019,1,Célibataire,1,18 876 €,18 876 €,0 €,0 €,18 876 €,,
1997299999001+1997299999001,MARTINIQUE,MARTIN,Jean-étienne,13/08/1967,MARTIN,BONNET,Sylvie,01/08/1947,Pointe de Jaham B.P 7212,97274 Leinach,2019,2018,10/10/2019,08/07/2019,2,Marié(e)s,2,26 922 €,26 922 €,2 165 €,2 165 €,26 922 €,"(*) Situation  2018  partielle",
1997299999002+1997299999002,MARTINIQUE,BERNARD,Philippe,22/03/1985,BERNARD,DUPONT,Nathalie,01/12/1973,Pointe de Jaham B.P 7213,97274 Leinach,2019,2018,10/10/2019,08/07/2019,2,Marié(e)s,2,18 410 €,18 410 €,2 165 €,2 165 €,18 410 €,,"Ce document ne correspond pas à la situation la plus récente pour cet usager"
1997299999003+1997299999003,MARTINIQUE,THOMAS,Michel,19/09/1954,,,,,Pointe de Jaham B.P 7214,97274 Leinach,2019,2018,10/10/2019,08/07/2019,1,Célibataire,1,18 409 €,18 409 €,2 165 €,2 165 €,18 409 €,"(*) Situation  2018  partielle","Ce document ne correspond pas à la situation la plus récente pour cet usager"
1997299999004+1997299999004,MARTINIQUE,PETIT,Alain,13/08/1967,PETIT,FONTAINE,Rosette,24/11/1967,Pointe de Jaham B.P 7215,97274 Leinach,2019,2018,10/10/2019,08/07/2019,2,Marié(e)s,2,21 000 €,21 000 €,2 165 €,2 165 €,21 000 €,,
1997299999005+1997299999005,MARTINIQUE,ROBERT,Patrick,16/02/1949,,,,,Pointe de Jaham B.P 7216,97274 Leinach,2019,2018,13/07/2019,13/07/2019,1,Célibataire,1,16 550 €,16 550 €,0 €,0 €,16 550 €,,
1997299999006+1997299999006,MARTINIQUE,RICHARD,Nicolas,13/08/1967,RICHARD,VINCENT,Françoise,13/08/1967,Pointe de Jaham B.P 7217,97274 Leinach,2019,2018,10/10/2019,08/07/2019,4,Marié(e)s,4,48 751 €,48 751 €,1 432 €,1 432 €,48 751 €,,
1997299999007+1997299999007,MARTINIQUE,DURAND,Christophe,22/03/1985,,,,,Pointe de Jaham B.P 7218,97274 Leinach,2019,2018,10/10/2019,08/07/2019,2,Célibataire,2,43 296 €,43 296 €,1 432 €,1 432 €,43 296 €,,
1997299999008+1997299999008,MARTINIQUE,DUBOIS,Pierre,19/09/1954,DUBOIS,LEFEVRE,Alain,16/02/1949,Pointe de Jaham B.P 7219,97274 Leinach,2019,2018,10/10/2019,08/07/2019,5,Marié(e)s,5,38 031 €,38 031 €,1 132 €,1 132 €,38 031 €,,
1997299999009+1997299999009,MARTINIQUE,MOREAU,Christian,13/08/1967,,,,,Pointe de Jaham B.P 7220,97274 Leinach,2019,2018,10/10/2019,08/07/2019,1,Célibataire,1,33 775 €,33 775 €,731 €,731 €,33 775 €,,
1997299999010+1997299999010,MARTINIQUE,LAURENT,Éric,16/02/1949,,,,,Pointe de Jaham B.P 7221,97274 Leinach,2019,2018,13/07/2019,13/07/2019,1,Célibataire,1,18 876 €,18 876 €,0 €,0 €,18 876 €,,
1997399999001+1997399999001,GUYANE,MARTIN,Jean-étienne,13/08/1967,MARTIN,BONNET,Sylvie,01/08/1947,Rue du vieux port B.P. 6003,97306 CAYENNE,2019,2018,10/10/2019,08/07/2019,2,Marié(e)s,2,26 922 €,26 922 €,2 165 €,2 165 €,26 922 €,"(*) Situation  2018  partielle",
1997399999002+1997399999002,GUYANE,BERNARD,Philippe,22/03/1985,BERNARD,DUPONT,Nathalie,01/12/1973,Rue du vieux port B.P. 6004,97306 CAYENNE,2019,2018,10/10/2019,08/07/2019,2,Marié(e)s,2,18 410 €,18 410 €,2 165 €,2 165 €,18 410 €,,"Ce document ne correspond pas à la situation la plus récente pour cet usager"
1997399999003+1997399999003,GUYANE,THOMAS,Michel,19/09/1954,,,,,Rue du vieux port B.P. 6005,97306 CAYENNE,2019,2018,10/10/2019,08/07/2019,1,Célibataire,1,18 409 €,18 409 €,2 165 €,2 165 €,18 409 €,"(*) Situation  2018  partielle","Ce document ne correspond pas à la situation la plus récente pour cet usager"
1997399999004+1997399999004,GUYANE,PETIT,Alain,13/08/1967,PETIT,FONTAINE,Rosette,24/11/1967,Rue du vieux port B.P. 6006,97306 CAYENNE,2019,2018,10/10/2019,08/07/2019,2,Marié(e)s,2,21 000 €,21 000 €,2 165 €,2 165 €,21 000 €,,
1997399999005+1997399999005,GUYANE,ROBERT,Patrick,16/02/1949,,,,,Rue du vieux port B.P. 6007,97306 CAYENNE,2019,2018,13/07/2019,13/07/2019,1,Célibataire,1,16 550 €,16 550 €,0 €,0 €,16 550 €,,
1997399999006+1997399999006,GUYANE,RICHARD,Nicolas,13/08/1967,RICHARD,VINCENT,Françoise,13/08/1967,Rue du vieux port B.P. 6008,97306 CAYENNE,2019,2018,10/10/2019,08/07/2019,4,Marié(e)s,4,48 751 €,48 751 €,1 432 €,1 432 €,48 751 €,,
1997399999007+1997399999007,GUYANE,DURAND,Christophe,22/03/1985,,,,,Rue du vieux port B.P. 6009,97306 CAYENNE,2019,2018,10/10/2019,08/07/2019,2,Célibataire,2,43 296 €,43 296 €,1 432 €,1 432 €,43 296 €,,
1997399999008+1997399999008,GUYANE,DUBOIS,Pierre,19/09/1954,DUBOIS,LEFEVRE,Alain,16/02/1949,Rue du vieux port B.P. 6010,97306 CAYENNE,2019,2018,10/10/2019,08/07/2019,5,Marié(e)s,5,38 031 €,38 031 €,1 132 €,1 132 €,38 031 €,,
1997399999009+1997399999009,GUYANE,MOREAU,Christian,13/08/1967,,,,,Rue du vieux port B.P. 6011,97306 CAYENNE,2019,2018,10/10/2019,08/07/2019,1,Célibataire,1,33 775 €,33 775 €,731 €,731 €,33 775 €,,
1997399999010+1997399999010,GUYANE,LAURENT,Éric,16/02/1949,,,,,Rue du vieux port B.P. 6012,97306 CAYENNE,2019,2018,13/07/2019,13/07/2019,1,Célibataire,1,18 876 €,18 876 €,0 €,0 €,18 876 €,,
1902099998001+1902099998001,CORSE DU SUD,MARTIN,Jean-étienne,13/08/1967,MARTIN,BONNET,Sylvie,01/08/1947,Terre-Plein de la Gare 20302 AJACCIO CEDEX 9,20000 AJACCIO,2019,2018,10/10/2019,08/07/2019,2,Marié(e)s,2,26 922 €,26 922 €,2 165 €,2 165 €,26 922 €,"(*) Situation  2018  partielle",
1902099998002+1902099998002,CORSE DU SUD,BERNARD,Philippe,22/03/1985,BERNARD,DUPONT,Nathalie,01/12/1973,Terre-Plein de la Gare 20302 AJACCIO CEDEX 10,20000 AJACCIO,2019,2018,10/10/2019,08/07/2019,2,Marié(e)s,2,18 410 €,18 410 €,2 165 €,2 165 €,18 410 €,,"Ce document ne correspond pas à la situation la plus récente pour cet usager"
1902099998003+1902099998003,CORSE DU SUD,THOMAS,Michel,19/09/1954,,,,,Terre-Plein de la Gare 20302 AJACCIO CEDEX 11,20000 AJACCIO,2019,2018,10/10/2019,08/07/2019,1,Célibataire,1,18 409 €,18 409 €,2 165 €,2 165 €,18 409 €,"(*) Situation  2018  partielle","Ce document ne correspond pas à la situation la plus récente pour cet usager"
1902099998004+1902099998004,CORSE DU SUD,PETIT,Alain,13/08/1967,PETIT,FONTAINE,Rosette,24/11/1967,Terre-Plein de la Gare 20302 AJACCIO CEDEX 12,20000 AJACCIO,2019,2018,10/10/2019,08/07/2019,2,Marié(e)s,2,21 000 €,21 000 €,2 165 €,2 165 €,21 000 €,,
1902099998005+1902099998005,CORSE DU SUD,ROBERT,Patrick,16/02/1949,,,,,Terre-Plein de la Gare 20302 AJACCIO CEDEX 13,20000 AJACCIO,2019,2018,13/07/2019,13/07/2019,1,Célibataire,1,16 550 €,16 550 €,0 €,0 €,16 550 €,,
1902099998006+1902099998006,CORSE DU SUD,RICHARD,Nicolas,13/08/1967,RICHARD,VINCENT,Françoise,13/08/1967,Terre-Plein de la Gare 20302 AJACCIO CEDEX 14,20000 AJACCIO,2019,2018,10/10/2019,08/07/2019,4,Marié(e)s,4,48 751 €,48 751 €,1 432 €,1 432 €,48 751 €,,
1902099998007+1902099998007,CORSE DU SUD,DURAND,Christophe,22/03/1985,,,,,Terre-Plein de la Gare 20302 AJACCIO CEDEX 15,20000 AJACCIO,2019,2018,10/10/2019,08/07/2019,2,Célibataire,2,43 296 €,43 296 €,1 432 €,1 432 €,43 296 €,,
1902099998008+1902099998008,CORSE DU SUD,DUBOIS,Pierre,19/09/1954,DUBOIS,LEFEVRE,Alain,16/02/1949,Terre-Plein de la Gare 20302 AJACCIO CEDEX 16,20000 AJACCIO,2019,2018,10/10/2019,08/07/2019,5,Marié(e)s,5,38 031 €,38 031 €,1 132 €,1 132 €,38 031 €,,
1902099998009+1902099998009,CORSE DU SUD,MOREAU,Christian,13/08/1967,,,,,Terre-Plein de la Gare 20302 AJACCIO CEDEX 17,20000 AJACCIO,2019,2018,10/10/2019,08/07/2019,1,Célibataire,1,33 775 €,33 775 €,731 €,731 €,33 775 €,,
1902099998010+1902099998010,CORSE DU SUD,LAURENT,Éric,16/02/1949,,,,,Terre-Plein de la Gare 20302 AJACCIO CEDEX 18,20000 AJACCIO,2019,2018,13/07/2019,13/07/2019,1,Célibataire,1,18 876 €,18 876 €,0 €,0 €,18 876 €,,
1902099999001+1902099999001,CORSE DU NORD,MARTIN,Jean-étienne,13/08/1967,MARTIN,BONNET,Sylvie,01/08/1947,8 Bd Benoîte Danesi (CS 60008),20411 BASTIA,2019,2018,10/10/2019,08/07/2019,2,Marié(e)s,2,26 922 €,26 922 €,2 165 €,2 165 €,26 922 €,"(*) Situation  2018  partielle",
1902099999002+1902099999002,CORSE DU NORD,BERNARD,Philippe,22/03/1985,BERNARD,DUPONT,Nathalie,01/12/1973,8 Bd Benoîte Danesi (CS 60008),20411 BASTIA,2019,2018,10/10/2019,08/07/2019,2,Marié(e)s,2,18 410 €,18 410 €,2 165 €,2 165 €,18 410 €,,"Ce document ne correspond pas à la situation la plus récente pour cet usager"
1902099999003+1902099999003,CORSE DU NORD,THOMAS,Michel,19/09/1954,,,,,8 Bd Benoîte Danesi (CS 60008),20411 BASTIA,2019,2018,10/10/2019,08/07/2019,1,Célibataire,1,18 409 €,18 409 €,2 165 €,2 165 €,18 409 €,"(*) Situation  2018  partielle","Ce document ne correspond pas à la situation la plus récente pour cet usager"
1902099999004+1902099999004,CORSE DU NORD,PETIT,Alain,13/08/1967,PETIT,FONTAINE,Rosette,24/11/1967,8 Bd Benoîte Danesi (CS 60008),20411 BASTIA,2019,2018,10/10/2019,08/07/2019,2,Marié(e)s,2,21 000 €,21 000 €,2 165 €,2 165 €,21 000 €,,
1902099999005+1902099999005,CORSE DU NORD,ROBERT,Patrick,16/02/1949,,,,,8 Bd Benoîte Danesi (CS 60008),20411 BASTIA,2019,2018,13/07/2019,13/07/2019,1,Célibataire,1,16 550 €,16 550 €,0 €,0 €,16 550 €,,
1902099999006+1902099999006,CORSE DU NORD,RICHARD,Nicolas,13/08/1967,RICHARD,VINCENT,Françoise,13/08/1967,8 Bd Benoîte Danesi (CS 60008),20411 BASTIA,2019,2018,10/10/2019,08/07/2019,4,Marié(e)s,4,48 751 €,48 751 €,1 432 €,1 432 €,48 751 €,,
1902099999007+1902099999007,CORSE DU NORD,DURAND,Christophe,22/03/1985,,,,,8 Bd Benoîte Danesi (CS 60008),20411 BASTIA,2019,2018,10/10/2019,08/07/2019,2,Célibataire,2,43 296 €,43 296 €,1 432 €,1 432 €,43 296 €,,
1902099999008+1902099999008,CORSE DU NORD,DUBOIS,Pierre,19/09/1954,DUBOIS,LEFEVRE,Alain,16/02/1949,8 Bd Benoîte Danesi (CS 60008),20411 BASTIA,2019,2018,10/10/2019,08/07/2019,5,Marié(e)s,5,38 031 €,38 031 €,1 132 €,1 132 €,38 031 €,,
1902099999009+1902099999009,CORSE DU NORD,MOREAU,Christian,13/08/1967,,,,,8 Bd Benoîte Danesi (CS 60008),20411 BASTIA,2019,2018,10/10/2019,08/07/2019,1,Célibataire,1,33 775 €,33 775 €,731 €,731 €,33 775 €,,
1902099999010+1902099999010,CORSE DU NORD,LAURENT,Éric,16/02/1949,,,,,8 Bd Benoîte Danesi (CS 60008),20411 BASTIA,2019,2018,13/07/2019,13/07/2019,1,Célibataire,1,18 876 €,18 876 €,0 €,0 €,18 876 €,,
1802599999001+1802599999001,MARTIN,MARTIN,Jean-étienne,13/08/1967,MARTIN,BONNET,Sylvie,01/08/1947,3 Rue Jean Jaurès,25500 Morteau,2018,2017,10/10/2018,08/07/2018,2,Marié(e)s,2,26 922 €,26 922 €,2 165 €,2 165 €,26 922 €,"(*) Situation  2017  partielle",
1802599999002+1802599999002,BERNARD,BERNARD,Philippe,22/03/1985,BERNARD,DUPONT,Nathalie,01/12/1973,1 Rue des Marronniers,25500 Morteau,2018,2017,10/10/2018,08/07/2018,2,Marié(e)s,2,18 410 €,18 410 €,2 165 €,2 165 €,18 410 €,,"Ce document ne correspond pas à la situation la plus récente pour cet usager"
1802599999003+1802599999003,THOMAS,THOMAS,Michel,19/09/1954,,,,,1 Rossignier Haut,25570 Grand'Combe-Châteleu,2018,2017,10/10/2018,08/07/2018,1,Célibataire,1,18 409 €,18 409 €,2 165 €,2 165 €,18 409 €,"(*) Situation  2017  partielle","Ce document ne correspond pas à la situation la plus récente pour cet usager"
1802599999004+1802599999004,PETIT,PETIT,Alain,13/08/1967,PETIT,FONTAINE,Rosette,24/11/1967,5 rue du Tacot,25660 Montrond-le-Château,2018,2017,10/10/2018,08/07/2018,2,Marié(e)s,2,21 000 €,21 000 €,2 165 €,2 165 €,21 000 €,,
1802599999005+1802599999005,ROBERT,ROBERT,Patrick,16/02/1949,,,,,3 Rue Jean Jaurès,25500 Morteau,2018,2017,13/07/2018,13/07/2018,1,Célibataire,1,16 550 €,16 550 €,0 €,0 €,16 550 €,,
1802599999006+1802599999006,RICHARD,RICHARD,Nicolas,13/08/1967,RICHARD,VINCENT,Françoise,13/08/1967,1 Rue des Marronniers,25500 Morteau,2018,2017,10/10/2018,08/07/2018,4,Marié(e)s,4,48 751 €,48 751 €,1 432 €,1 432 €,48 751 €,,
1802599999007+1802599999007,DURAND,DURAND,Christophe,22/03/1985,,,,,1 Rossignier Haut,25570 Grand'Combe-Châteleu,2018,2017,10/10/2018,08/07/2018,2,Célibataire,2,43 296 €,43 296 €,1 432 €,1 432 €,43 296 €,,
1802599999008+1802599999008,DUBOIS,DUBOIS,Pierre,19/09/1954,DUBOIS,LEFEVRE,Alain,16/02/1949,5 rue du Tacot,25660 Montrond-le-Château,2018,2017,10/10/2018,08/07/2018,5,Marié(e)s,5,38 031 €,38 031 €,1 132 €,1 132 €,38 031 €,,
1802599999009+1802599999009,MOREAU,MOREAU,Christian,13/08/1967,,,,,3 Rue Jean Jaurès,25500 Morteau,2018,2017,10/10/2018,08/07/2018,1,Célibataire,1,33 775 €,33 775 €,731 €,731 €,33 775 €,,
1802599999010+1802599999010,LAURENT,LAURENT,Éric,16/02/1949,,,,,1 Rue des Marronniers,25500 Morteau,2018,2017,13/07/2018,13/07/2018,1,Célibataire,1,18 876 €,18 876 €,Non imposable,Non imposable,18 876 €,,
1802599999011+1802599999011,SIMON,SIMON,Frédéric,16/02/1949,SIMON,MERCIER,Amina,19/09/1954,1 Rossignier Haut,25570 Grand'Combe-Châteleu,2018,2017,10/10/2018,08/07/2018,2,Marié(e)s,2,25 258 €,25 258 €,0 €,0 €,25 258 €,,
1802599999012+1802599999012,MICHEL,MICHEL,Laurent,13/08/1967,MICHEL,BLANC,Isabelle,13/08/1967,5 rue du Tacot,25660 Montrond-le-Château,2018,2017,10/10/2018,08/07/2018,2,Marié(e)s,2,20 000 €,20 000 €,0 €,0 €,20 000 €,,
1802599999013+1802599999013,LEFEBVRE,LEFEBVRE,Stéphane,22/03/1985,,,,,3 Rue Jean Jaurès,25500 Morteau,2018,2017,10/10/2018,08/07/2018,3,Célibataire,3,4 394 €,4 394 €,0 €,0 €,4 394 €,,
1802599999014+1802599999014,LEROY,LEROY,David,19/09/1954,LEROY,BOYER,Catherine,13/08/1967,1 Rue des Marronniers,25500 Morteau,2018,2017,10/10/2018,08/07/2018,2,Marié(e)s,2,29 505 €,29 505 €,2 165 €,2 165 €,29 505 €,,
1802599999015+1802599999015,ROUX,ROUX,Pascal,13/08/1967,,,,,1 Rossignier Haut,25570 Grand'Combe-Châteleu,2018,2017,13/07/2018,13/07/2018,3,Célibataire,3,25 256 €,25 256 €,2 165 €,2 165 €,25 256 €,,
1802599999016+1802599999016,DAVID,DAVID,Daniel,16/02/1949,DAVID,CHEVALIER,Rose,19/09/1954,5 rue du Tacot,25660 Montrond-le-Château,2018,2017,10/10/2018,08/07/2018,2,Marié(e)s,2,29 880 €,29 880 €,2 165 €,2 165 €,29 880 €,,
1802599999017+1802599999017,BERTRAND,BERTRAND,Alexandre,13/08/1967,,,,,3 Rue Jean Jaurès,25500 Morteau,2018,2017,10/10/2018,08/07/2018,1,Célibataire,1,29 880 €,29 880 €,2 165 €,2 165 €,29 880 €,,
1802599999018+1802599999018,MOREL,MOREL,Julien,22/03/1985,MOREL,LEGRAND,Florence,01/08/1947,1 Rue des Marronniers,25500 Morteau,2018,2017,10/10/2018,08/07/2018,2,Marié(e)s,2,37 825 €,37 825 €,2 665 €,2 665 €,37 825 €,,
1802599999019+1802599999019,FOURNIER,FOURNIER,Thierry,19/09/1954,,,,,1 Rossignier Haut,25570 Grand'Combe-Châteleu,2018,2017,10/10/2018,08/07/2018,1,Célibataire,1,32 376 €,32 376 €,2 165 €,2 165 €,32 376 €,,
1802599999020+1802599999020,GIRARD,GIRARD,Olivier,13/08/1967,,,,,5 rue du Tacot,25660 Montrond-le-Château,2018,2017,13/07/2018,13/07/2018,1,Célibataire,1,48 751 €,48 751 €,1 123 €,1 123 €,48 751 €,,
1702599999001+1702599999001,MARTIN,MARTIN,Jean-étienne,13/08/1967,MARTIN,BONNET,Sylvie,01/08/1947,3 Rue Jean Jaurès,25500 Morteau,2017,2016,10/10/2017,08/07/2017,2,Marié(e)s,2,26 922 €,26 922 €,2 165 €,2 165 €,26 922 €,"(*) Situation  2016  partielle",
1702599999002+1702599999002,BERNARD,BERNARD,Philippe,22/03/1985,BERNARD,DUPONT,Nathalie,01/12/1973,1 Rue des Marronniers,25500 Morteau,2017,2016,10/10/2017,08/07/2017,2,Marié(e)s,2,18 410 €,18 410 €,2 165 €,2 165 €,18 410 €,,"Ce document ne correspond pas à la situation la plus récente pour cet usager"
1702599999003+1702599999003,THOMAS,THOMAS,Michel,19/09/1954,,,,,1 Rossignier Haut,25570 Grand'Combe-Châteleu,2017,2016,10/10/2017,08/07/2017,1,Célibataire,1,18 409 €,18 409 €,2 165 €,2 165 €,18 409 €,"(*) Situation  2016  partielle","Ce document ne correspond pas à la situation la plus récente pour cet usager"
1702599999004+1702599999004,PETIT,PETIT,Alain,13/08/1967,PETIT,FONTAINE,Rosette,24/11/1967,5 rue du Tacot,25660 Montrond-le-Château,2017,2016,10/10/2017,08/07/2017,2,Marié(e)s,2,21 000 €,21 000 €,2 165 €,2 165 €,21 000 €,,
1702599999005+1702599999005,ROBERT,ROBERT,Patrick,16/02/1949,,,,,3 Rue Jean Jaurès,25500 Morteau,2017,2016,13/07/2017,13/07/2017,1,Célibataire,1,16 550 €,16 550 €,0 €,0 €,16 550 €,,
1702599999006+1702599999006,RICHARD,RICHARD,Nicolas,13/08/1967,RICHARD,VINCENT,Françoise,13/08/1967,1 Rue des Marronniers,25500 Morteau,2017,2016,10/10/2017,08/07/2017,4,Marié(e)s,4,48 751 €,48 751 €,1 432 €,1 432 €,48 751 €,,
1702599999007+1702599999007,DURAND,DURAND,Christophe,22/03/1985,,,,,1 Rossignier Haut,25570 Grand'Combe-Châteleu,2017,2016,10/10/2017,08/07/2017,2,Célibataire,2,43 296 €,43 296 €,1 432 €,1 432 €,43 296 €,,
1702599999008+1702599999008,DUBOIS,DUBOIS,Pierre,19/09/1954,DUBOIS,LEFEVRE,Alain,16/02/1949,5 rue du Tacot,25660 Montrond-le-Château,2017,2016,10/10/2017,08/07/2017,5,Marié(e)s,5,38 031 €,38 031 €,1 132 €,1 132 €,38 031 €,,
1702599999009+1702599999009,MOREAU,MOREAU,Christian,13/08/1967,,,,,3 Rue Jean Jaurès,25500 Morteau,2017,2016,10/10/2017,08/07/2017,1,Célibataire,1,33 775 €,33 775 €,731 €,731 €,33 775 €,,
1702599999010+1702599999010,LAURENT,LAURENT,Éric,16/02/1949,,,,,1 Rue des Marronniers,25500 Morteau,2017,2016,13/07/2017,13/07/2017,1,Célibataire,1,18 876 €,18 876 €,Non imposable,Non imposable,18 876 €,,
1702599999011+1702599999011,SIMON,SIMON,Frédéric,16/02/1949,SIMON,MERCIER,Amina,19/09/1954,1 Rossignier Haut,25570 Grand'Combe-Châteleu,2017,2016,10/10/2017,08/07/2017,2,Marié(e)s,2,25 258 €,25 258 €,0 €,0 €,25 258 €,,
1702599999012+1702599999012,MICHEL,MICHEL,Laurent,13/08/1967,MICHEL,BLANC,Isabelle,13/08/1967,5 rue du Tacot,25660 Montrond-le-Château,2017,2016,10/10/2017,08/07/2017,2,Marié(e)s,2,20 000 €,20 000 €,0 €,0 €,20 000 €,,
1702599999013+1702599999013,LEFEBVRE,LEFEBVRE,Stéphane,22/03/1985,,,,,3 Rue Jean Jaurès,25500 Morteau,2017,2016,10/10/2017,08/07/2017,3,Célibataire,3,4 394 €,4 394 €,0 €,0 €,4 394 €,,
1702599999014+1702599999014,LEROY,LEROY,David,19/09/1954,LEROY,BOYER,Catherine,13/08/1967,1 Rue des Marronniers,25500 Morteau,2017,2016,10/10/2017,08/07/2017,2,Marié(e)s,2,29 505 €,29 505 €,2 165 €,2 165 €,29 505 €,,
1702599999015+1702599999015,ROUX,ROUX,Pascal,13/08/1967,,,,,1 Rossignier Haut,25570 Grand'Combe-Châteleu,2017,2016,13/07/2017,13/07/2017,3,Célibataire,3,25 256 €,25 256 €,2 165 €,2 165 €,25 256 €,,
1702599999016+1702599999016,DAVID,DAVID,Daniel,16/02/1949,DAVID,CHEVALIER,Rose,19/09/1954,5 rue du Tacot,25660 Montrond-le-Château,2017,2016,10/10/2017,08/07/2017,2,Marié(e)s,2,29 880 €,29 880 €,2 165 €,2 165 €,29 880 €,,
1702599999017+1702599999017,BERTRAND,BERTRAND,Alexandre,13/08/1967,,,,,3 Rue Jean Jaurès,25500 Morteau,2017,2016,10/10/2017,08/07/2017,1,Célibataire,1,29 880 €,29 880 €,2 165 €,2 165 €,29 880 €,,
1702599999018+1702599999018,MOREL,MOREL,Julien,22/03/1985,MOREL,LEGRAND,Florence,01/08/1947,1 Rue des Marronniers,25500 Morteau,2017,2016,10/10/2017,08/07/2017,2,Marié(e)s,2,37 825 €,37 825 €,2 665 €,2 665 €,37 825 €,,
1702599999019+1702599999019,FOURNIER,FOURNIER,Thierry,19/09/1954,,,,,1 Rossignier Haut,25570 Grand'Combe-Châteleu,2017,2016,10/10/2017,08/07/2017,1,Célibataire,1,32 376 €,32 376 €,2 165 €,2 165 €,32 376 €,,
1702599999020+1702599999020,GIRARD,GIRARD,Olivier,13/08/1967,,,,,5 rue du Tacot,25660 Montrond-le-Château,2017,2016,13/07/2017,13/07/2017,1,Célibataire,1,48 751 €,48 751 €,1 123 €,1 123 €,48 751 €,,
1708899999001+1708899999001,MARTIN,MARTIN,Jean-étienne,13/08/1967,MARTIN,BONNET,Sylvie,01/08/1947,1 Rue de la Gare,88310 Cornimont,2017,2016,10/10/2017,08/07/2017,2,Marié(e)s,2,26 922 €,26 922 €,2 165 €,2 165 €,26 922 €,"(*) Situation  2016  partielle",
1708899999002+1708899999002,BERNARD,BERNARD,Philippe,22/03/1985,BERNARD,DUPONT,Nathalie,01/12/1973,5 Rue Charles Derise,88500 Mirecourt,2017,2016,10/10/2017,08/07/2017,2,Marié(e)s,2,18 410 €,18 410 €,2 165 €,2 165 €,18 410 €,,"Ce document ne correspond pas à la situation la plus récente pour cet usager"
1708899999003+1708899999003,THOMAS,THOMAS,Michel,19/09/1954,,,,,1 Rue de la Gare,88310 Cornimont,2017,2016,10/10/2017,08/07/2017,1,Célibataire,1,18 409 €,18 409 €,2 165 €,2 165 €,18 409 €,"(*) Situation  2016  partielle","Ce document ne correspond pas à la situation la plus récente pour cet usager"
1708899999004+1708899999004,PETIT,PETIT,Alain,13/08/1967,PETIT,FONTAINE,Rosette,24/11/1967,5 Rue Charles Derise,88500 Mirecourt,2017,2016,10/10/2017,08/07/2017,2,Marié(e)s,2,21 000 €,21 000 €,2 165 €,2 165 €,21 000 €,,
1708899999005+1708899999005,ROBERT,ROBERT,Patrick,16/02/1949,,,,,1 Rue de la Gare,88310 Cornimont,2017,2016,13/07/2017,13/07/2017,1,Célibataire,1,16 550 €,16 550 €,0 €,0 €,16 550 €,,
1708899999006+1708899999006,RICHARD,RICHARD,Nicolas,13/08/1967,RICHARD,VINCENT,Françoise,13/08/1967,5 Rue Charles Derise,88500 Mirecourt,2017,2016,10/10/2017,08/07/2017,4,Marié(e)s,4,48 751 €,48 751 €,1 432 €,1 432 €,48 751 €,,
1708899999007+1708899999007,DURAND,DURAND,Christophe,22/03/1985,,,,,1 Rue de la Gare,88310 Cornimont,2017,2016,10/10/2017,08/07/2017,2,Célibataire,2,43 296 €,43 296 €,1 432 €,1 432 €,43 296 €,,
1708899999008+1708899999008,DUBOIS,DUBOIS,Pierre,19/09/1954,DUBOIS,LEFEVRE,Alain,16/02/1949,5 Rue Charles Derise,88500 Mirecourt,2017,2016,10/10/2017,08/07/2017,5,Marié(e)s,5,38 031 €,38 031 €,1 132 €,1 132 €,38 031 €,,
1708899999009+1708899999009,MOREAU,MOREAU,Christian,13/08/1967,,,,,1 Rue de la Gare,88310 Cornimont,2017,2016,10/10/2017,08/07/2017,1,Célibataire,1,33 775 €,33 775 €,731 €,731 €,33 775 €,,
1708899999010+1708899999010,LAURENT,LAURENT,Éric,16/02/1949,,,,,5 Rue Charles Derise,88500 Mirecourt,2017,2016,13/07/2017,13/07/2017,1,Célibataire,1,18 876 €,18 876 €,Non imposable,Non imposable,18 876 €,,
1708899999011+1708899999011,SIMON,SIMON,Frédéric,16/02/1949,SIMON,MERCIER,Amina,19/09/1954,1 Rue de la Gare,88310 Cornimont,2017,2016,10/10/2017,08/07/2017,2,Marié(e)s,2,25 258 €,25 258 €,0 €,0 €,25 258 €,,
1708899999012+1708899999012,MICHEL,MICHEL,Laurent,13/08/1967,MICHEL,BLANC,Isabelle,13/08/1967,5 Rue Charles Derise,88500 Mirecourt,2017,2016,10/10/2017,08/07/2017,2,Marié(e)s,2,20 000 €,20 000 €,0 €,0 €,20 000 €,,
1708899999013+1708899999013,LEFEBVRE,LEFEBVRE,Stéphane,22/03/1985,,,,,1 Rue de la Gare,88310 Cornimont,2017,2016,10/10/2017,08/07/2017,3,Célibataire,3,4 394 €,4 394 €,0 €,0 €,4 394 €,,
1708899999014+1708899999014,LEROY,LEROY,David,19/09/1954,LEROY,BOYER,Catherine,13/08/1967,5 Rue Charles Derise,88500 Mirecourt,2017,2016,10/10/2017,08/07/2017,2,Marié(e)s,2,29 505 €,29 505 €,2 165 €,2 165 €,29 505 €,,
1708899999015+1708899999015,ROUX,ROUX,Pascal,13/08/1967,,,,,1 Rue de la Gare,88310 Cornimont,2017,2016,13/07/2017,13/07/2017,3,Célibataire,3,25 256 €,25 256 €,2 165 €,2 165 €,25 256 €,,
1708899999016+1708899999016,DAVID,DAVID,Daniel,16/02/1949,DAVID,CHEVALIER,Rose,19/09/1954,5 Rue Charles Derise,88500 Mirecourt,2017,2016,10/10/2017,08/07/2017,2,Marié(e)s,2,29 880 €,29 880 €,2 165 €,2 165 €,29 880 €,,
1708899999017+1708899999017,BERTRAND,BERTRAND,Alexandre,13/08/1967,,,,,1 Rue de la Gare,88310 Cornimont,2017,2016,10/10/2017,08/07/2017,1,Célibataire,1,29 880 €,29 880 €,2 165 €,2 165 €,29 880 €,,
1708899999018+1708899999018,MOREL,MOREL,Julien,22/03/1985,MOREL,LEGRAND,Florence,01/08/1947,5 Rue Charles Derise,88500 Mirecourt,2017,2016,10/10/2017,08/07/2017,2,Marié(e)s,2,37 825 €,37 825 €,2 665 €,2 665 €,37 825 €,,
1708899999019+1708899999019,FOURNIER,FOURNIER,Thierry,19/09/1954,,,,,1 Rue de la Gare,88310 Cornimont,2017,2016,10/10/2017,08/07/2017,1,Célibataire,1,32 376 €,32 376 €,2 165 €,2 165 €,32 376 €,,
1708899999020+1708899999020,GIRARD,GIRARD,Olivier,13/08/1967,,,,,5 Rue Charles Derise,88500 Mirecourt,2017,2016,13/07/2017,13/07/2017,1,Célibataire,1,48 751 €,48 751 €,1 123 €,1 123 €,48 751 €,,
1706299999001+1706299999001,MARTIN,MARTIN,Jean-étienne,13/08/1967,MARTIN,BONNET,Sylvie,01/08/1947,4 Rue Camille Pissarro,62000 Arras,2017,2016,10/10/2017,08/07/2017,2,Marié(e)s,2,26 922 €,26 922 €,2 165 €,2 165 €,26 922 €,"(*) Situation  2016  partielle",
1706299999002+1706299999002,BERNARD,BERNARD,Philippe,22/03/1985,BERNARD,DUPONT,Nathalie,01/12/1973,18 Rue du Général Potez,62170 Montreuil,2017,2016,10/10/2017,08/07/2017,2,Marié(e)s,2,18 410 €,18 410 €,2 165 €,2 165 €,18 410 €,,"Ce document ne correspond pas à la situation la plus récente pour cet usager"
1706299999003+1706299999003,THOMAS,THOMAS,Michel,19/09/1954,,,,,4 Rue Camille Pissarro,62000 Arras,2017,2016,10/10/2017,08/07/2017,1,Célibataire,1,18 409 €,18 409 €,2 165 €,2 165 €,18 409 €,"(*) Situation  2016  partielle","Ce document ne correspond pas à la situation la plus récente pour cet usager"
1706299999004+1706299999004,PETIT,PETIT,Alain,13/08/1967,PETIT,FONTAINE,Rosette,24/11/1967,18 Rue du Général Potez,62170 Montreuil,2017,2016,10/10/2017,08/07/2017,2,Marié(e)s,2,21 000 €,21 000 €,2 165 €,2 165 €,21 000 €,,
1706299999005+1706299999005,ROBERT,ROBERT,Patrick,16/02/1949,,,,,4 Rue Camille Pissarro,62000 Arras,2017,2016,13/07/2017,13/07/2017,1,Célibataire,1,16 550 €,16 550 €,0 €,0 €,16 550 €,,
1706299999006+1706299999006,RICHARD,RICHARD,Nicolas,13/08/1967,RICHARD,VINCENT,Françoise,13/08/1967,18 Rue du Général Potez,62170 Montreuil,2017,2016,10/10/2017,08/07/2017,4,Marié(e)s,4,48 751 €,48 751 €,1 432 €,1 432 €,48 751 €,,
1706299999007+1706299999007,DURAND,DURAND,Christophe,22/03/1985,,,,,4 Rue Camille Pissarro,62000 Arras,2017,2016,10/10/2017,08/07/2017,2,Célibataire,2,43 296 €,43 296 €,1 432 €,1 432 €,43 296 €,,
1706299999008+1706299999008,DUBOIS,DUBOIS,Pierre,19/09/1954,DUBOIS,LEFEVRE,Alain,16/02/1949,18 Rue du Général Potez,62170 Montreuil,2017,2016,10/10/2017,08/07/2017,5,Marié(e)s,5,38 031 €,38 031 €,1 132 €,1 132 €,38 031 €,,
1706299999009+1706299999009,MOREAU,MOREAU,Christian,13/08/1967,,,,,4 Rue Camille Pissarro,62000 Arras,2017,2016,10/10/2017,08/07/2017,1,Célibataire,1,33 775 €,33 775 €,731 €,731 €,33 775 €,,
1706299999010+1706299999010,LAURENT,LAURENT,Éric,16/02/1949,,,,,18 Rue du Général Potez,62170 Montreuil,2017,2016,13/07/2017,13/07/2017,1,Célibataire,1,18 876 €,18 876 €,Non imposable,Non imposable,18 876 €,,
1706299999011+1706299999011,SIMON,SIMON,Frédéric,16/02/1949,SIMON,MERCIER,Amina,19/09/1954,4 Rue Camille Pissarro,62000 Arras,2017,2016,10/10/2017,08/07/2017,2,Marié(e)s,2,25 258 €,25 258 €,0 €,0 €,25 258 €,,
1706299999012+1706299999012,MICHEL,MICHEL,Laurent,13/08/1967,MICHEL,BLANC,Isabelle,13/08/1967,18 Rue du Général Potez,62170 Montreuil,2017,2016,10/10/2017,08/07/2017,2,Marié(e)s,2,20 000 €,20 000 €,0 €,0 €,20 000 €,,
1706299999013+1706299999013,LEFEBVRE,LEFEBVRE,Stéphane,22/03/1985,,,,,4 Rue Camille Pissarro,62000 Arras,2017,2016,10/10/2017,08/07/2017,3,Célibataire,3,4 394 €,4 394 €,0 €,0 €,4 394 €,,
1706299999014+1706299999014,LEROY,LEROY,David,19/09/1954,LEROY,BOYER,Catherine,13/08/1967,18 Rue du Général Potez,62170 Montreuil,2017,2016,10/10/2017,08/07/2017,2,Marié(e)s,2,29 505 €,29 505 €,2 165 €,2 165 €,29 505 €,,
1706299999015+1706299999015,ROUX,ROUX,Pascal,13/08/1967,,,,,4 Rue Camille Pissarro,62000 Arras,2017,2016,13/07/2017,13/07/2017,3,Célibataire,3,25 256 €,25 256 €,2 165 €,2 165 €,25 256 €,,
1706299999016+1706299999016,DAVID,DAVID,Daniel,16/02/1949,DAVID,CHEVALIER,Rose,19/09/1954,18 Rue du Général Potez,62170 Montreuil,2017,2016,10/10/2017,08/07/2017,2,Marié(e)s,2,29 880 €,29 880 €,2 165 €,2 165 €,29 880 €,,
1706299999017+1706299999017,BERTRAND,BERTRAND,Alexandre,13/08/1967,,,,,4 Rue Camille Pissarro,62000 Arras,2017,2016,10/10/2017,08/07/2017,1,Célibataire,1,29 880 €,29 880 €,2 165 €,2 165 €,29 880 €,,
1706299999018+1706299999018,MOREL,MOREL,Julien,22/03/1985,MOREL,LEGRAND,Florence,01/08/1947,18 Rue du Général Potez,62170 Montreuil,2017,2016,10/10/2017,08/07/2017,2,Marié(e)s,2,37 825 €,37 825 €,2 665 €,2 665 €,37 825 €,,
1706299999019+1706299999019,FOURNIER,FOURNIER,Thierry,19/09/1954,,,,,4 Rue Camille Pissarro,62000 Arras,2017,2016,10/10/2017,08/07/2017,1,Célibataire,1,32 376 €,32 376 €,2 165 €,2 165 €,32 376 €,,
1706299999020+1706299999020,GIRARD,GIRARD,Olivier,13/08/1967,,,,,18 Rue du Général Potez,62170 Montreuil,2017,2016,13/07/2017,13/07/2017,1,Célibataire,1,48 751 €,48 751 €,1 123 €,1 123 €,48 751 €,,
1703199999001+1703199999001,MARTIN,MARTIN,Jean-étienne,13/08/1967,MARTIN,BONNET,Sylvie,01/08/1947,15 Rue d’Auriol,31400 Toulouse,2017,2016,10/10/2017,08/07/2017,2,Marié(e)s,2,26 922 €,26 922 €,2 165 €,2 165 €,26 922 €,"(*) Situation  2016  partielle",
1703199999002+1703199999002,BERNARD,BERNARD,Philippe,22/03/1985,BERNARD,DUPONT,Nathalie,01/12/1973,16 Rue de l'Europe,31140 Aucamville,2017,2016,10/10/2017,08/07/2017,2,Marié(e)s,2,18 410 €,18 410 €,2 165 €,2 165 €,18 410 €,,"Ce document ne correspond pas à la situation la plus récente pour cet usager"
1703199999003+1703199999003,THOMAS,THOMAS,Michel,19/09/1954,,,,,15 Rue d’Auriol,31400 Toulouse,2017,2016,10/10/2017,08/07/2017,1,Célibataire,1,18 409 €,18 409 €,2 165 €,2 165 €,18 409 €,"(*) Situation  2016  partielle","Ce document ne correspond pas à la situation la plus récente pour cet usager"
1703199999004+1703199999004,PETIT,PETIT,Alain,13/08/1967,PETIT,FONTAINE,Rosette,24/11/1967,16 Rue de l'Europe,31140 Aucamville,2017,2016,10/10/2017,08/07/2017,2,Marié(e)s,2,21 000 €,21 000 €,2 165 €,2 165 €,21 000 €,,
1703199999005+1703199999005,ROBERT,ROBERT,Patrick,16/02/1949,,,,,15 Rue d’Auriol,31400 Toulouse,2017,2016,13/07/2017,13/07/2017,1,Célibataire,1,16 550 €,16 550 €,0 €,0 €,16 550 €,,
1703199999006+1703199999006,RICHARD,RICHARD,Nicolas,13/08/1967,RICHARD,VINCENT,Françoise,13/08/1967,16 Rue de l'Europe,31140 Aucamville,2017,2016,10/10/2017,08/07/2017,4,Marié(e)s,4,48 751 €,48 751 €,1 432 €,1 432 €,48 751 €,,
1703199999007+1703199999007,DURAND,DURAND,Christophe,22/03/1985,,,,,15 Rue d’Auriol,31400 Toulouse,2017,2016,10/10/2017,08/07/2017,2,Célibataire,2,43 296 €,43 296 €,1 432 €,1 432 €,43 296 €,,
1703199999008+1703199999008,DUBOIS,DUBOIS,Pierre,19/09/1954,DUBOIS,LEFEVRE,Alain,16/02/1949,16 Rue de l'Europe,31140 Aucamville,2017,2016,10/10/2017,08/07/2017,5,Marié(e)s,5,38 031 €,38 031 €,1 132 €,1 132 €,38 031 €,,
1703199999009+1703199999009,MOREAU,MOREAU,Christian,13/08/1967,,,,,15 Rue d’Auriol,31400 Toulouse,2017,2016,10/10/2017,08/07/2017,1,Célibataire,1,33 775 €,33 775 €,731 €,731 €,33 775 €,,
1703199999010+1703199999010,LAURENT,LAURENT,Éric,16/02/1949,,,,,16 Rue de l'Europe,31140 Aucamville,2017,2016,13/07/2017,13/07/2017,1,Célibataire,1,18 876 €,18 876 €,Non imposable,Non imposable,18 876 €,,
1703199999011+1703199999011,SIMON,SIMON,Frédéric,16/02/1949,SIMON,MERCIER,Amina,19/09/1954,15 Rue d’Auriol,31400 Toulouse,2017,2016,10/10/2017,08/07/2017,2,Marié(e)s,2,25 258 €,25 258 €,0 €,0 €,25 258 €,,
1703199999012+1703199999012,MICHEL,MICHEL,Laurent,13/08/1967,MICHEL,BLANC,Isabelle,13/08/1967,16 Rue de l'Europe,31140 Aucamville,2017,2016,10/10/2017,08/07/2017,2,Marié(e)s,2,20 000 €,20 000 €,0 €,0 €,20 000 €,,
1703199999013+1703199999013,LEFEBVRE,LEFEBVRE,Stéphane,22/03/1985,,,,,15 Rue d’Auriol,31400 Toulouse,2017,2016,10/10/2017,08/07/2017,3,Célibataire,3,4 394 €,4 394 €,0 €,0 €,4 394 €,,
1703199999014+1703199999014,LEROY,LEROY,David,19/09/1954,LEROY,BOYER,Catherine,13/08/1967,16 Rue de l'Europe,31140 Aucamville,2017,2016,10/10/2017,08/07/2017,2,Marié(e)s,2,29 505 €,29 505 €,2 165 €,2 165 €,29 505 €,,
1703199999015+1703199999015,ROUX,ROUX,Pascal,13/08/1967,,,,,15 Rue d’Auriol,31400 Toulouse,2017,2016,13/07/2017,13/07/2017,3,Célibataire,3,25 256 €,25 256 €,2 165 €,2 165 €,25 256 €,,
1703199999016+1703199999016,DAVID,DAVID,Daniel,16/02/1949,DAVID,CHEVALIER,Rose,19/09/1954,16 Rue de l'Europe,31140 Aucamville,2017,2016,10/10/2017,08/07/2017,2,Marié(e)s,2,29 880 €,29 880 €,2 165 €,2 165 €,29 880 €,,
1703199999017+1703199999017,BERTRAND,BERTRAND,Alexandre,13/08/1967,,,,,15 Rue d’Auriol,31400 Toulouse,2017,2016,10/10/2017,08/07/2017,1,Célibataire,1,29 880 €,29 880 €,2 165 €,2 165 €,29 880 €,,
1703199999018+1703199999018,MOREL,MOREL,Julien,22/03/1985,MOREL,LEGRAND,Florence,01/08/1947,16 Rue de l'Europe,31140 Aucamville,2017,2016,10/10/2017,08/07/2017,2,Marié(e)s,2,37 825 €,37 825 €,2 665 €,2 665 €,37 825 €,,
1703199999019+1703199999019,FOURNIER,FOURNIER,Thierry,19/09/1954,,,,,15 Rue d’Auriol,31400 Toulouse,2017,2016,10/10/2017,08/07/2017,1,Célibataire,1,32 376 €,32 376 €,2 165 €,2 165 €,32 376 €,,
1703199999020+1703199999020,GIRARD,GIRARD,Olivier,13/08/1967,,,,,16 Rue de l'Europe,31140 Aucamville,2017,2016,13/07/2017,13/07/2017,1,Célibataire,1,48 751 €,48 751 €,1 123 €,1 123 €,48 751 €,,
1709599999001+1709599999001,MARTIN,MARTIN,Jean-étienne,13/08/1967,MARTIN,BONNET,Sylvie,01/08/1947,1 Rue des Frères Rousse,95780 La Roche-Guyon,2017,2016,10/10/2017,08/07/2017,2,Marié(e)s,2,26 922 €,26 922 €,2 165 €,2 165 €,26 922 €,"(*) Situation  2016  partielle",
1709599999002+1709599999002,BERNARD,BERNARD,Philippe,22/03/1985,BERNARD,DUPONT,Nathalie,01/12/1973,10 Cours du Puits,95690 Labbeville,2017,2016,10/10/2017,08/07/2017,2,Marié(e)s,2,18 410 €,18 410 €,2 165 €,2 165 €,18 410 €,,"Ce document ne correspond pas à la situation la plus récente pour cet usager"
1709599999003+1709599999003,THOMAS,THOMAS,Michel,19/09/1954,,,,,14 Avenue du Dr Charles Fritz,95290 L'Isle-Adam,2017,2016,10/10/2017,08/07/2017,1,Célibataire,1,18 409 €,18 409 €,2 165 €,2 165 €,18 409 €,"(*) Situation  2016  partielle","Ce document ne correspond pas à la situation la plus récente pour cet usager"
1709599999004+1709599999004,PETIT,PETIT,Alain,13/08/1967,PETIT,FONTAINE,Rosette,24/11/1967,27 rue des Ecoles,95610 Eragny,2017,2016,10/10/2017,08/07/2017,2,Marié(e)s,2,21 000 €,21 000 €,2 165 €,2 165 €,21 000 €,,
1709599999005+1709599999005,ROBERT,ROBERT,Patrick,16/02/1949,,,,,1 Rue des Frères Rousse,95780 La Roche-Guyon,2017,2016,13/07/2017,13/07/2017,1,Célibataire,1,16 550 €,16 550 €,0 €,0 €,16 550 €,,
1709599999006+1709599999006,RICHARD,RICHARD,Nicolas,13/08/1967,RICHARD,VINCENT,Françoise,13/08/1967,10 Cours du Puits,95690 Labbeville,2017,2016,10/10/2017,08/07/2017,4,Marié(e)s,4,48 751 €,48 751 €,1 432 €,1 432 €,48 751 €,,
1709599999007+1709599999007,DURAND,DURAND,Christophe,22/03/1985,,,,,14 Avenue du Dr Charles Fritz,95290 L'Isle-Adam,2017,2016,10/10/2017,08/07/2017,2,Célibataire,2,43 296 €,43 296 €,1 432 €,1 432 €,43 296 €,,
1709599999008+1709599999008,DUBOIS,DUBOIS,Pierre,19/09/1954,DUBOIS,LEFEVRE,Alain,16/02/1949,27 rue des Ecoles,95610 Eragny,2017,2016,10/10/2017,08/07/2017,5,Marié(e)s,5,38 031 €,38 031 €,1 132 €,1 132 €,38 031 €,,
1709599999009+1709599999009,MOREAU,MOREAU,Christian,13/08/1967,,,,,1 Rue des Frères Rousse,95780 La Roche-Guyon,2017,2016,10/10/2017,08/07/2017,1,Célibataire,1,33 775 €,33 775 €,731 €,731 €,33 775 €,,
1709599999010+1709599999010,LAURENT,LAURENT,Éric,16/02/1949,,,,,10 Cours du Puits,95690 Labbeville,2017,2016,13/07/2017,13/07/2017,1,Célibataire,1,18 876 €,18 876 €,Non imposable,Non imposable,18 876 €,,
1709599999011+1709599999011,SIMON,SIMON,Frédéric,16/02/1949,SIMON,MERCIER,Amina,19/09/1954,14 Avenue du Dr Charles Fritz,95290 L'Isle-Adam,2017,2016,10/10/2017,08/07/2017,2,Marié(e)s,2,25 258 €,25 258 €,0 €,0 €,25 258 €,,
1709599999012+1709599999012,MICHEL,MICHEL,Laurent,13/08/1967,MICHEL,BLANC,Isabelle,13/08/1967,27 rue des Ecoles,95610 Eragny,2017,2016,10/10/2017,08/07/2017,2,Marié(e)s,2,20 000 €,20 000 €,0 €,0 €,20 000 €,,
1709599999013+1709599999013,LEFEBVRE,LEFEBVRE,Stéphane,22/03/1985,,,,,1 Rue des Frères Rousse,95780 La Roche-Guyon,2017,2016,10/10/2017,08/07/2017,3,Célibataire,3,4 394 €,4 394 €,0 €,0 €,4 394 €,,
1709599999014+1709599999014,LEROY,LEROY,David,19/09/1954,LEROY,BOYER,Catherine,13/08/1967,10 Cours du Puits,95690 Labbeville,2017,2016,10/10/2017,08/07/2017,2,Marié(e)s,2,29 505 €,29 505 €,2 165 €,2 165 €,29 505 €,,
1709599999015+1709599999015,ROUX,ROUX,Pascal,13/08/1967,,,,,14 Avenue du Dr Charles Fritz,95290 L'Isle-Adam,2017,2016,13/07/2017,13/07/2017,3,Célibataire,3,25 256 €,25 256 €,2 165 €,2 165 €,25 256 €,,
1709599999016+1709599999016,DAVID,DAVID,Daniel,16/02/1949,DAVID,CHEVALIER,Rose,19/09/1954,27 rue des Ecoles,95610 Eragny,2017,2016,10/10/2017,08/07/2017,2,Marié(e)s,2,29 880 €,29 880 €,2 165 €,2 165 €,29 880 €,,
1709599999017+1709599999017,BERTRAND,BERTRAND,Alexandre,13/08/1967,,,,,1 Rue des Frères Rousse,95780 La Roche-Guyon,2017,2016,10/10/2017,08/07/2017,1,Célibataire,1,29 880 €,29 880 €,2 165 €,2 165 €,29 880 €,,
1709599999018+1709599999018,MOREL,MOREL,Julien,22/03/1985,MOREL,LEGRAND,Florence,01/08/1947,10 Cours du Puits,95690 Labbeville,2017,2016,10/10/2017,08/07/2017,2,Marié(e)s,2,37 825 €,37 825 €,2 665 €,2 665 €,37 825 €,,
1709599999019+1709599999019,FOURNIER,FOURNIER,Thierry,19/09/1954,,,,,14 Avenue du Dr Charles Fritz,95290 L'Isle-Adam,2017,2016,10/10/2017,08/07/2017,1,Célibataire,1,32 376 €,32 376 €,2 165 €,2 165 €,32 376 €,,
1709599999020+1709599999020,GIRARD,GIRARD,Olivier,13/08/1967,,,,,27 rue des Ecoles,95610 Eragny,2017,2016,13/07/2017,13/07/2017,1,Célibataire,1,48 751 €,48 751 €,1 123 €,1 123 €,48 751 €,,
